Name,Tag,Image URL,Origin,Length,Color,Stem Price,Quantity,First Quantity
Anthurium acura,Promo,"https://res.cloudinary.com/dcutrnbeo/image/fetch/f_auto,q_auto,w_auto,h_184/https%3A%2F%2Fimg.ozexport.nl%2Fartikelfotos%2FLIVE_fotos%2F0xA5CEB6650A14B245DD922B2A508F4C6DBD6BA69B.jpg",NL,13 cm,Bicolour,"€ 0,72",690,4x12
Anthurium acura,,"https://res.cloudinary.com/dcutrnbeo/image/fetch/f_auto,q_auto,w_auto,h_184/https%3A%2F%2Fimg.ozexport.nl%2Fartikelfotos%2FLIVE_fotos%2F0xA5CEB6650A14B245DD922B2A508F4C6DBD6BA69B.jpg",,,,,,
Anthurium acura,,"https://res.cloudinary.com/dcutrnbeo/image/fetch/f_auto,q_auto,w_auto,h_184/https%3A%2F%2Fimg.ozexport.nl%2Fartikelfotos%2FLIVE_fotos%2F0xA5CEB6650A14B245DD922B2A508F4C6DBD6BA69B.jpg",,,,,,
Anthurium calisto,Promo,"https://res.cloudinary.com/dcutrnbeo/image/fetch/f_auto,q_auto,w_auto,h_184/https%3A%2F%2Fimg.ozexport.nl%2Fartikelfotos%2FLIVE_fotos%2F0x6BF207F37A89413DAF3F6BAA79BA3E73447BF185.jpg",NL,15 cm,Red,"€ 0,75",690,17x10
Anthurium calisto,,"https://res.cloudinary.com/dcutrnbeo/image/fetch/f_auto,q_auto,w_auto,h_184/https%3A%2F%2Fimg.ozexport.nl%2Fartikelfotos%2FLIVE_fotos%2F0x6BF207F37A89413DAF3F6BAA79BA3E73447BF185.jpg",,,,,,
Anthurium calisto,,"https://res.cloudinary.com/dcutrnbeo/image/fetch/f_auto,q_auto,w_auto,h_184/https%3A%2F%2Fimg.ozexport.nl%2Fartikelfotos%2FLIVE_fotos%2F0x6BF207F37A89413DAF3F6BAA79BA3E73447BF185.jpg",,,,,,
Anthurium cantello,Promo,"https://res.cloudinary.com/dcutrnbeo/image/fetch/f_auto,q_auto,w_auto,h_184/https%3A%2F%2Fimg.ozexport.nl%2Fartikelfotos%2FLIVE_fotos%2F0x8B22654BE2B81823E3D22E01B37E8BAC1CBF9969.jpg",NL,15 cm,Brown,"€ 0,60",690,3x10
Anthurium cantello,,"https://res.cloudinary.com/dcutrnbeo/image/fetch/f_auto,q_auto,w_auto,h_184/https%3A%2F%2Fimg.ozexport.nl%2Fartikelfotos%2FLIVE_fotos%2F0x8B22654BE2B81823E3D22E01B37E8BAC1CBF9969.jpg",,,,,,
Anthurium cantello,,"https://res.cloudinary.com/dcutrnbeo/image/fetch/f_auto,q_auto,w_auto,h_184/https%3A%2F%2Fimg.ozexport.nl%2Fartikelfotos%2FLIVE_fotos%2F0x8B22654BE2B81823E3D22E01B37E8BAC1CBF9969.jpg",,,,,,
Anthurium cassis,Promo,"https://res.cloudinary.com/dcutrnbeo/image/fetch/f_auto,q_auto,w_auto,h_184/https%3A%2F%2Fimg.ozexport.nl%2Fartikelfotos%2FLIVE_fotos%2F0xA765F62FAF38B618E444700FAE16042922A234C7.jpg",NL,50 cm,Purple,"€ 0,60",690,4x16
Anthurium cassis,,"https://res.cloudinary.com/dcutrnbeo/image/fetch/f_auto,q_auto,w_auto,h_184/https%3A%2F%2Fimg.ozexport.nl%2Fartikelfotos%2FLIVE_fotos%2F0xA765F62FAF38B618E444700FAE16042922A234C7.jpg",,,,,,
Anthurium cassis,,"https://res.cloudinary.com/dcutrnbeo/image/fetch/f_auto,q_auto,w_auto,h_184/https%3A%2F%2Fimg.ozexport.nl%2Fartikelfotos%2FLIVE_fotos%2F0xA765F62FAF38B618E444700FAE16042922A234C7.jpg",,,,,,
Anthurium farao,Promo,"https://res.cloudinary.com/dcutrnbeo/image/fetch/f_auto,q_auto,w_auto,h_184/https%3A%2F%2Fimg.ozexport.nl%2Fartikelfotos%2FLIVE_fotos%2F0xD61C9729FDA8FE7AB30524E898DC8E4717AB21FC.jpg",NL,13 cm,Salmon,"€ 0,88",690,9x12
Anthurium farao,,"https://res.cloudinary.com/dcutrnbeo/image/fetch/f_auto,q_auto,w_auto,h_184/https%3A%2F%2Fimg.ozexport.nl%2Fartikelfotos%2FLIVE_fotos%2F0xD61C9729FDA8FE7AB30524E898DC8E4717AB21FC.jpg",,,,,,
Anthurium farao,,"https://res.cloudinary.com/dcutrnbeo/image/fetch/f_auto,q_auto,w_auto,h_184/https%3A%2F%2Fimg.ozexport.nl%2Fartikelfotos%2FLIVE_fotos%2F0xD61C9729FDA8FE7AB30524E898DC8E4717AB21FC.jpg",,,,,,
Anthurium licosa 312,Promo,"https://res.cloudinary.com/dcutrnbeo/image/fetch/f_auto,q_auto,w_auto,h_184/https%3A%2F%2Fimg.ozexport.nl%2Fartikelfotos%2FLIVE_fotos%2F0x03AAEA120CECFD8B11FD81DCEB42E492241D9AB9.jpg",NL,13 cm,Pink/Green,"€ 0,88",690,6x12
Anthurium licosa 312,,"https://res.cloudinary.com/dcutrnbeo/image/fetch/f_auto,q_auto,w_auto,h_184/https%3A%2F%2Fimg.ozexport.nl%2Fartikelfotos%2FLIVE_fotos%2F0x03AAEA120CECFD8B11FD81DCEB42E492241D9AB9.jpg",,,,,,
Anthurium licosa 312,,"https://res.cloudinary.com/dcutrnbeo/image/fetch/f_auto,q_auto,w_auto,h_184/https%3A%2F%2Fimg.ozexport.nl%2Fartikelfotos%2FLIVE_fotos%2F0x03AAEA120CECFD8B11FD81DCEB42E492241D9AB9.jpg",,,,,,
Anthurium tequila,Promo,"https://res.cloudinary.com/dcutrnbeo/image/fetch/f_auto,q_auto,w_auto,h_184/https%3A%2F%2Fimg.ozexport.nl%2Fartikelfotos%2FLIVE_fotos%2F0xBE26809757FCC1DE48893A2295B89C481184B723.jpg",BE,50 cm,Bronze,"€ 0,60",690,6x10
Anthurium tequila,,"https://res.cloudinary.com/dcutrnbeo/image/fetch/f_auto,q_auto,w_auto,h_184/https%3A%2F%2Fimg.ozexport.nl%2Fartikelfotos%2FLIVE_fotos%2F0xBE26809757FCC1DE48893A2295B89C481184B723.jpg",,,,,,
Anthurium tequila,,"https://res.cloudinary.com/dcutrnbeo/image/fetch/f_auto,q_auto,w_auto,h_184/https%3A%2F%2Fimg.ozexport.nl%2Fartikelfotos%2FLIVE_fotos%2F0xBE26809757FCC1DE48893A2295B89C481184B723.jpg",,,,,,
Anthurium tropic night,Promo,"https://res.cloudinary.com/dcutrnbeo/image/fetch/f_auto,q_auto,w_auto,h_184/https%3A%2F%2Fimg.ozexport.nl%2Fartikelfotos%2FLIVE_fotos%2F0x4876E2F477321C11ECD423ECBF944F3A031BF865.jpg",NL,13 cm,Red,"€ 0,57",690,9x12
Anthurium tropic night,,"https://res.cloudinary.com/dcutrnbeo/image/fetch/f_auto,q_auto,w_auto,h_184/https%3A%2F%2Fimg.ozexport.nl%2Fartikelfotos%2FLIVE_fotos%2F0x4876E2F477321C11ECD423ECBF944F3A031BF865.jpg",,,,,,
Anthurium tropic night,,"https://res.cloudinary.com/dcutrnbeo/image/fetch/f_auto,q_auto,w_auto,h_184/https%3A%2F%2Fimg.ozexport.nl%2Fartikelfotos%2FLIVE_fotos%2F0x4876E2F477321C11ECD423ECBF944F3A031BF865.jpg",,,,,,
Anthurium acropolis,,"https://res.cloudinary.com/dcutrnbeo/image/fetch/f_auto,q_auto,w_auto,h_184/https%3A%2F%2Fimg.ozexport.nl%2Fartikelfotos%2FLIVE_fotos%2F0xCF3500D5E3F67776023B185A40FBB207C0F100C5.jpg",NL,45 cm,White,"€ 1,31",690,1x12
Anthurium acropolis,,"https://res.cloudinary.com/dcutrnbeo/image/fetch/f_auto,q_auto,w_auto,h_184/https%3A%2F%2Fimg.ozexport.nl%2Fartikelfotos%2FLIVE_fotos%2F0xCF3500D5E3F67776023B185A40FBB207C0F100C5.jpg",,,,,,
Anthurium acropolis,,"https://res.cloudinary.com/dcutrnbeo/image/fetch/f_auto,q_auto,w_auto,h_184/https%3A%2F%2Fimg.ozexport.nl%2Fartikelfotos%2FLIVE_fotos%2F0xCF3500D5E3F67776023B185A40FBB207C0F100C5.jpg",,,,,,
Anthurium acropolis,,"https://res.cloudinary.com/dcutrnbeo/image/fetch/f_auto,q_auto,w_auto,h_184/https%3A%2F%2Fimg.ozexport.nl%2Fartikelfotos%2FLIVE_fotos%2F0xF604A3217F8F657623416EBA575D2A14937A9304.jpg",BE,45 cm,White,"€ 1,31",690,1x12
Anthurium acropolis,,"https://res.cloudinary.com/dcutrnbeo/image/fetch/f_auto,q_auto,w_auto,h_184/https%3A%2F%2Fimg.ozexport.nl%2Fartikelfotos%2FLIVE_fotos%2F0xF604A3217F8F657623416EBA575D2A14937A9304.jpg",,,,,,
Anthurium acropolis,,"https://res.cloudinary.com/dcutrnbeo/image/fetch/f_auto,q_auto,w_auto,h_184/https%3A%2F%2Fimg.ozexport.nl%2Fartikelfotos%2FLIVE_fotos%2F0xF604A3217F8F657623416EBA575D2A14937A9304.jpg",,,,,,
Anthurium calisto,,"https://res.cloudinary.com/dcutrnbeo/image/fetch/f_auto,q_auto,w_auto,h_184/https%3A%2F%2Fimg.ozexport.nl%2Fartikelfotos%2FLIVE_fotos%2F0x982666F4EB761907C39FE0DC17FDBFEAFD2906DB.jpg",NL,13 cm,Red,"€ 0,83",690,5x12
Anthurium calisto,,"https://res.cloudinary.com/dcutrnbeo/image/fetch/f_auto,q_auto,w_auto,h_184/https%3A%2F%2Fimg.ozexport.nl%2Fartikelfotos%2FLIVE_fotos%2F0x982666F4EB761907C39FE0DC17FDBFEAFD2906DB.jpg",,,,,,
Anthurium calisto,,"https://res.cloudinary.com/dcutrnbeo/image/fetch/f_auto,q_auto,w_auto,h_184/https%3A%2F%2Fimg.ozexport.nl%2Fartikelfotos%2FLIVE_fotos%2F0x982666F4EB761907C39FE0DC17FDBFEAFD2906DB.jpg",,,,,,
Anthurium calisto,,"https://res.cloudinary.com/dcutrnbeo/image/fetch/f_auto,q_auto,w_auto,h_184/https%3A%2F%2Fimg.ozexport.nl%2Fartikelfotos%2FLIVE_fotos%2F0xDBD59B2B029D61F572DE8EF2F11AE8D78B88A5B9.jpg",NL,11 cm,Red,"€ 0,58",690,4x16
Anthurium calisto,,"https://res.cloudinary.com/dcutrnbeo/image/fetch/f_auto,q_auto,w_auto,h_184/https%3A%2F%2Fimg.ozexport.nl%2Fartikelfotos%2FLIVE_fotos%2F0xDBD59B2B029D61F572DE8EF2F11AE8D78B88A5B9.jpg",,,,,,
Anthurium calisto,,"https://res.cloudinary.com/dcutrnbeo/image/fetch/f_auto,q_auto,w_auto,h_184/https%3A%2F%2Fimg.ozexport.nl%2Fartikelfotos%2FLIVE_fotos%2F0xDBD59B2B029D61F572DE8EF2F11AE8D78B88A5B9.jpg",,,,,,
Anthurium calisto,,"https://res.cloudinary.com/dcutrnbeo/image/fetch/f_auto,q_auto,w_auto,h_184/https%3A%2F%2Fimg.ozexport.nl%2Fartikelfotos%2FLIVE_fotos%2F0xF11702D6C51766BF7F0E01BD7731BC165CFA935D.jpg",NL,9 cm,Red,"€ 0,43",690,3x20
Anthurium calisto,,"https://res.cloudinary.com/dcutrnbeo/image/fetch/f_auto,q_auto,w_auto,h_184/https%3A%2F%2Fimg.ozexport.nl%2Fartikelfotos%2FLIVE_fotos%2F0xF11702D6C51766BF7F0E01BD7731BC165CFA935D.jpg",,,,,,
Anthurium calisto,,"https://res.cloudinary.com/dcutrnbeo/image/fetch/f_auto,q_auto,w_auto,h_184/https%3A%2F%2Fimg.ozexport.nl%2Fartikelfotos%2FLIVE_fotos%2F0xF11702D6C51766BF7F0E01BD7731BC165CFA935D.jpg",,,,,,
Anthurium calisto,,"https://res.cloudinary.com/dcutrnbeo/image/fetch/f_auto,q_auto,w_auto,h_184/https%3A%2F%2Fimg.ozexport.nl%2Fartikelfotos%2FLIVE_fotos%2F0xDEBE7E8908992EE3101280862A54DA841644907C.jpg",NL,18 cm,Red,"€ 0,81",690,5x8
Anthurium calisto,,"https://res.cloudinary.com/dcutrnbeo/image/fetch/f_auto,q_auto,w_auto,h_184/https%3A%2F%2Fimg.ozexport.nl%2Fartikelfotos%2FLIVE_fotos%2F0xDEBE7E8908992EE3101280862A54DA841644907C.jpg",,,,,,
Anthurium calisto,,"https://res.cloudinary.com/dcutrnbeo/image/fetch/f_auto,q_auto,w_auto,h_184/https%3A%2F%2Fimg.ozexport.nl%2Fartikelfotos%2FLIVE_fotos%2F0xDEBE7E8908992EE3101280862A54DA841644907C.jpg",,,,,,
Anthurium candy,,"https://res.cloudinary.com/dcutrnbeo/image/fetch/f_auto,q_auto,w_auto,h_184/https%3A%2F%2Fimg.ozexport.nl%2Fartikelfotos%2FLIVE_fotos%2F0xEBF669A0766E77DF41B0380BFDE32A02E19B0A83.jpg",NL,60 cm,Pink,"€ 1,03",690,2x16
Anthurium candy,,"https://res.cloudinary.com/dcutrnbeo/image/fetch/f_auto,q_auto,w_auto,h_184/https%3A%2F%2Fimg.ozexport.nl%2Fartikelfotos%2FLIVE_fotos%2F0xEBF669A0766E77DF41B0380BFDE32A02E19B0A83.jpg",,,,,,
Anthurium candy,,"https://res.cloudinary.com/dcutrnbeo/image/fetch/f_auto,q_auto,w_auto,h_184/https%3A%2F%2Fimg.ozexport.nl%2Fartikelfotos%2FLIVE_fotos%2F0xEBF669A0766E77DF41B0380BFDE32A02E19B0A83.jpg",,,,,,
Anthurium candy B1,,"https://res.cloudinary.com/dcutrnbeo/image/fetch/f_auto,q_auto,w_auto,h_184/https%3A%2F%2Fimg.ozexport.nl%2Fartikelfotos%2FLIVE_fotos%2F0x87B29DF4D7568C4F5866A3EA45C86D45F1977278.jpg",NL,50 cm,Pink,"€ 0,60",690,11x12
Anthurium candy B1,,"https://res.cloudinary.com/dcutrnbeo/image/fetch/f_auto,q_auto,w_auto,h_184/https%3A%2F%2Fimg.ozexport.nl%2Fartikelfotos%2FLIVE_fotos%2F0x87B29DF4D7568C4F5866A3EA45C86D45F1977278.jpg",,,,,,
Anthurium candy B1,,"https://res.cloudinary.com/dcutrnbeo/image/fetch/f_auto,q_auto,w_auto,h_184/https%3A%2F%2Fimg.ozexport.nl%2Fartikelfotos%2FLIVE_fotos%2F0x87B29DF4D7568C4F5866A3EA45C86D45F1977278.jpg",,,,,,
Anthurium caribean,,"https://res.cloudinary.com/dcutrnbeo/image/fetch/f_auto,q_auto,w_auto,h_184/https%3A%2F%2Fimg.ozexport.nl%2Fartikelfotos%2FLIVE_fotos%2F0x59089ACF8AEBF8C9ED9D6D439002815F5C77F178.jpg",NL,7 cm,Red,"€ 0,47",620,8x15
Anthurium caribean,,"https://res.cloudinary.com/dcutrnbeo/image/fetch/f_auto,q_auto,w_auto,h_184/https%3A%2F%2Fimg.ozexport.nl%2Fartikelfotos%2FLIVE_fotos%2F0x59089ACF8AEBF8C9ED9D6D439002815F5C77F178.jpg",,,,,,
Anthurium caribean,,"https://res.cloudinary.com/dcutrnbeo/image/fetch/f_auto,q_auto,w_auto,h_184/https%3A%2F%2Fimg.ozexport.nl%2Fartikelfotos%2FLIVE_fotos%2F0x59089ACF8AEBF8C9ED9D6D439002815F5C77F178.jpg",,,,,,
Anthurium champagne,,"https://res.cloudinary.com/dcutrnbeo/image/fetch/f_auto,q_auto,w_auto,h_184/https%3A%2F%2Fimg.ozexport.nl%2Fartikelfotos%2FLIVE_fotos%2F0xEF499FDB2CC399AD0BD30AE95FE8A72DCFE65446.jpg",NL,55 cm,Cream,"€ 0,75",690,8x16
Anthurium champagne,,"https://res.cloudinary.com/dcutrnbeo/image/fetch/f_auto,q_auto,w_auto,h_184/https%3A%2F%2Fimg.ozexport.nl%2Fartikelfotos%2FLIVE_fotos%2F0xEF499FDB2CC399AD0BD30AE95FE8A72DCFE65446.jpg",,,,,,
Anthurium champagne,,"https://res.cloudinary.com/dcutrnbeo/image/fetch/f_auto,q_auto,w_auto,h_184/https%3A%2F%2Fimg.ozexport.nl%2Fartikelfotos%2FLIVE_fotos%2F0xEF499FDB2CC399AD0BD30AE95FE8A72DCFE65446.jpg",,,,,,
Anthurium eterno,,"https://res.cloudinary.com/dcutrnbeo/image/fetch/f_auto,q_auto,w_auto,h_184/https%3A%2F%2Fimg.ozexport.nl%2Fartikelfotos%2FLIVE_fotos%2F0xC93BFE8CA908C33CC81AA350B33C539CEE98C607.jpg",NL,13 cm,Red,"€ 0,72",690,7x12
Anthurium eterno,,"https://res.cloudinary.com/dcutrnbeo/image/fetch/f_auto,q_auto,w_auto,h_184/https%3A%2F%2Fimg.ozexport.nl%2Fartikelfotos%2FLIVE_fotos%2F0xC93BFE8CA908C33CC81AA350B33C539CEE98C607.jpg",,,,,,
Anthurium eterno,,"https://res.cloudinary.com/dcutrnbeo/image/fetch/f_auto,q_auto,w_auto,h_184/https%3A%2F%2Fimg.ozexport.nl%2Fartikelfotos%2FLIVE_fotos%2F0xC93BFE8CA908C33CC81AA350B33C539CEE98C607.jpg",,,,,,
Anthurium eterno B1,,"https://res.cloudinary.com/dcutrnbeo/image/fetch/f_auto,q_auto,w_auto,h_184/https%3A%2F%2Fimg.ozexport.nl%2Fartikelfotos%2FLIVE_fotos%2F0xC8E438A706948EF37ADC328980FFE3A0C1B21820.jpg",NL,50 cm,Red,"€ 0,60",690,8x12
Anthurium eterno B1,,"https://res.cloudinary.com/dcutrnbeo/image/fetch/f_auto,q_auto,w_auto,h_184/https%3A%2F%2Fimg.ozexport.nl%2Fartikelfotos%2FLIVE_fotos%2F0xC8E438A706948EF37ADC328980FFE3A0C1B21820.jpg",,,,,,
Anthurium eterno B1,,"https://res.cloudinary.com/dcutrnbeo/image/fetch/f_auto,q_auto,w_auto,h_184/https%3A%2F%2Fimg.ozexport.nl%2Fartikelfotos%2FLIVE_fotos%2F0xC8E438A706948EF37ADC328980FFE3A0C1B21820.jpg",,,,,,
Anthurium grand slam,,"https://res.cloudinary.com/dcutrnbeo/image/fetch/f_auto,q_auto,w_auto,h_184/https%3A%2F%2Fimg.ozexport.nl%2Fartikelfotos%2FLIVE_fotos%2F0x1EEB2EB01FA9AEEB4957ADD6B60384C9B0043F4C.jpg",NL,15 cm,Green,"€ 1,36",690,17x10
Anthurium grand slam,,"https://res.cloudinary.com/dcutrnbeo/image/fetch/f_auto,q_auto,w_auto,h_184/https%3A%2F%2Fimg.ozexport.nl%2Fartikelfotos%2FLIVE_fotos%2F0x1EEB2EB01FA9AEEB4957ADD6B60384C9B0043F4C.jpg",,,,,,
Anthurium grand slam,,"https://res.cloudinary.com/dcutrnbeo/image/fetch/f_auto,q_auto,w_auto,h_184/https%3A%2F%2Fimg.ozexport.nl%2Fartikelfotos%2FLIVE_fotos%2F0x1EEB2EB01FA9AEEB4957ADD6B60384C9B0043F4C.jpg",,,,,,
Anthurium grand slam,,"https://res.cloudinary.com/dcutrnbeo/image/fetch/f_auto,q_auto,w_auto,h_184/https%3A%2F%2Fimg.ozexport.nl%2Fartikelfotos%2FLIVE_fotos%2F0x4C3450C0641DDFB6FF37A2B35AD1985656ED8A29.jpg",NL,13 cm,Green,"€ 1,28",690,17x12
Anthurium grand slam,,"https://res.cloudinary.com/dcutrnbeo/image/fetch/f_auto,q_auto,w_auto,h_184/https%3A%2F%2Fimg.ozexport.nl%2Fartikelfotos%2FLIVE_fotos%2F0x4C3450C0641DDFB6FF37A2B35AD1985656ED8A29.jpg",,,,,,
Anthurium grand slam,,"https://res.cloudinary.com/dcutrnbeo/image/fetch/f_auto,q_auto,w_auto,h_184/https%3A%2F%2Fimg.ozexport.nl%2Fartikelfotos%2FLIVE_fotos%2F0x4C3450C0641DDFB6FF37A2B35AD1985656ED8A29.jpg",,,,,,
Anthurium grand slam,,"https://res.cloudinary.com/dcutrnbeo/image/fetch/f_auto,q_auto,w_auto,h_184/https%3A%2F%2Fimg.ozexport.nl%2Fartikelfotos%2FLIVE_fotos%2F0x893111903882A2A107BB733ABB26073C91409751.jpg",NL,9 cm,Green,"€ 0,73",690,3x20
Anthurium grand slam,,"https://res.cloudinary.com/dcutrnbeo/image/fetch/f_auto,q_auto,w_auto,h_184/https%3A%2F%2Fimg.ozexport.nl%2Fartikelfotos%2FLIVE_fotos%2F0x893111903882A2A107BB733ABB26073C91409751.jpg",,,,,,
Anthurium grand slam,,"https://res.cloudinary.com/dcutrnbeo/image/fetch/f_auto,q_auto,w_auto,h_184/https%3A%2F%2Fimg.ozexport.nl%2Fartikelfotos%2FLIVE_fotos%2F0x893111903882A2A107BB733ABB26073C91409751.jpg",,,,,,
Anthurium mix in box,,"https://res.cloudinary.com/dcutrnbeo/image/fetch/f_auto,q_auto,w_auto,h_184/https%3A%2F%2Fimg.ozexport.nl%2Fartikelfotos%2FLIVE_fotos%2F0x0E31AB487433CE26DD43AEC54C64CEE0398E84E7.jpg",BE,50 cm,Mix,"€ 0,71",690,4x10
Anthurium mix in box,,"https://res.cloudinary.com/dcutrnbeo/image/fetch/f_auto,q_auto,w_auto,h_184/https%3A%2F%2Fimg.ozexport.nl%2Fartikelfotos%2FLIVE_fotos%2F0x0E31AB487433CE26DD43AEC54C64CEE0398E84E7.jpg",,,,,,
Anthurium mix in box,,"https://res.cloudinary.com/dcutrnbeo/image/fetch/f_auto,q_auto,w_auto,h_184/https%3A%2F%2Fimg.ozexport.nl%2Fartikelfotos%2FLIVE_fotos%2F0x0E31AB487433CE26DD43AEC54C64CEE0398E84E7.jpg",,,,,,
Anthurium nunzia,,"https://res.cloudinary.com/dcutrnbeo/image/fetch/f_auto,q_auto,w_auto,h_184/https%3A%2F%2Fimg.ozexport.nl%2Fartikelfotos%2FLIVE_fotos%2F0x0D2A0B2E123C5C0988ADFAF8E16C8A0C9696DEBD.jpg",NL,15 cm,Salmon,"€ 1,01",690,3x10
Anthurium nunzia,,"https://res.cloudinary.com/dcutrnbeo/image/fetch/f_auto,q_auto,w_auto,h_184/https%3A%2F%2Fimg.ozexport.nl%2Fartikelfotos%2FLIVE_fotos%2F0x0D2A0B2E123C5C0988ADFAF8E16C8A0C9696DEBD.jpg",,,,,,
Anthurium nunzia,,"https://res.cloudinary.com/dcutrnbeo/image/fetch/f_auto,q_auto,w_auto,h_184/https%3A%2F%2Fimg.ozexport.nl%2Fartikelfotos%2FLIVE_fotos%2F0x0D2A0B2E123C5C0988ADFAF8E16C8A0C9696DEBD.jpg",,,,,,
Anthurium pistache,,"https://res.cloudinary.com/dcutrnbeo/image/fetch/f_auto,q_auto,w_auto,h_184/https%3A%2F%2Fimg.ozexport.nl%2Fartikelfotos%2FLIVE_fotos%2F0x9D3D1CE603D80943CD9CDF51D0915277F62ECD68.jpg",NL,50 cm,Green,"€ 1,09",690,9x10
Anthurium pistache,,"https://res.cloudinary.com/dcutrnbeo/image/fetch/f_auto,q_auto,w_auto,h_184/https%3A%2F%2Fimg.ozexport.nl%2Fartikelfotos%2FLIVE_fotos%2F0x9D3D1CE603D80943CD9CDF51D0915277F62ECD68.jpg",,,,,,
Anthurium pistache,,"https://res.cloudinary.com/dcutrnbeo/image/fetch/f_auto,q_auto,w_auto,h_184/https%3A%2F%2Fimg.ozexport.nl%2Fartikelfotos%2FLIVE_fotos%2F0x9D3D1CE603D80943CD9CDF51D0915277F62ECD68.jpg",,,,,,
Anthurium pistache,,"https://res.cloudinary.com/dcutrnbeo/image/fetch/f_auto,q_auto,w_auto,h_184/https%3A%2F%2Fimg.ozexport.nl%2Fartikelfotos%2FLIVE_fotos%2F0x263BCC1AF599270ABD7D94C5A451E0C6360C8D45.jpg",NL,45 cm,Green,"€ 1,09",690,7x10
Anthurium pistache,,"https://res.cloudinary.com/dcutrnbeo/image/fetch/f_auto,q_auto,w_auto,h_184/https%3A%2F%2Fimg.ozexport.nl%2Fartikelfotos%2FLIVE_fotos%2F0x263BCC1AF599270ABD7D94C5A451E0C6360C8D45.jpg",,,,,,
Anthurium pistache,,"https://res.cloudinary.com/dcutrnbeo/image/fetch/f_auto,q_auto,w_auto,h_184/https%3A%2F%2Fimg.ozexport.nl%2Fartikelfotos%2FLIVE_fotos%2F0x263BCC1AF599270ABD7D94C5A451E0C6360C8D45.jpg",,,,,,
Anthurium pistache B1,,"https://res.cloudinary.com/dcutrnbeo/image/fetch/f_auto,q_auto,w_auto,h_184/https%3A%2F%2Fimg.ozexport.nl%2Fartikelfotos%2FLIVE_fotos%2F0x904098CA24FD5BD59A50ADB95CA421D6E1201474.jpg",NL,50 cm,Green,"€ 0,57",690,2x12
Anthurium pistache B1,,"https://res.cloudinary.com/dcutrnbeo/image/fetch/f_auto,q_auto,w_auto,h_184/https%3A%2F%2Fimg.ozexport.nl%2Fartikelfotos%2FLIVE_fotos%2F0x904098CA24FD5BD59A50ADB95CA421D6E1201474.jpg",,,,,,
Anthurium pistache B1,,"https://res.cloudinary.com/dcutrnbeo/image/fetch/f_auto,q_auto,w_auto,h_184/https%3A%2F%2Fimg.ozexport.nl%2Fartikelfotos%2FLIVE_fotos%2F0x904098CA24FD5BD59A50ADB95CA421D6E1201474.jpg",,,,,,
Anthurium rambla,,"https://res.cloudinary.com/dcutrnbeo/image/fetch/f_auto,q_auto,w_auto,h_184/https%3A%2F%2Fimg.ozexport.nl%2Fartikelfotos%2FLIVE_fotos%2F0x1C7724DA3639EFAD4DD641F9D7346A21A9CCA679.jpg",NL,80 cm,Red,"€ 0,67",690,19x10
Anthurium rambla,,"https://res.cloudinary.com/dcutrnbeo/image/fetch/f_auto,q_auto,w_auto,h_184/https%3A%2F%2Fimg.ozexport.nl%2Fartikelfotos%2FLIVE_fotos%2F0x1C7724DA3639EFAD4DD641F9D7346A21A9CCA679.jpg",,,,,,
Anthurium rambla,,"https://res.cloudinary.com/dcutrnbeo/image/fetch/f_auto,q_auto,w_auto,h_184/https%3A%2F%2Fimg.ozexport.nl%2Fartikelfotos%2FLIVE_fotos%2F0x1C7724DA3639EFAD4DD641F9D7346A21A9CCA679.jpg",,,,,,
Anthurium rambla,,"https://res.cloudinary.com/dcutrnbeo/image/fetch/f_auto,q_auto,w_auto,h_184/https%3A%2F%2Fimg.ozexport.nl%2Fartikelfotos%2FLIVE_fotos%2F0x2E1CFEAC8A589CAB325BE8C7DF4B1674A37DF3EB.jpg",NL,13 cm,Red,"€ 0,62",690,25x12
Anthurium rambla,,"https://res.cloudinary.com/dcutrnbeo/image/fetch/f_auto,q_auto,w_auto,h_184/https%3A%2F%2Fimg.ozexport.nl%2Fartikelfotos%2FLIVE_fotos%2F0x2E1CFEAC8A589CAB325BE8C7DF4B1674A37DF3EB.jpg",,,,,,
Anthurium rambla,,"https://res.cloudinary.com/dcutrnbeo/image/fetch/f_auto,q_auto,w_auto,h_184/https%3A%2F%2Fimg.ozexport.nl%2Fartikelfotos%2FLIVE_fotos%2F0x2E1CFEAC8A589CAB325BE8C7DF4B1674A37DF3EB.jpg",,,,,,
Anthurium rambla,,"https://res.cloudinary.com/dcutrnbeo/image/fetch/f_auto,q_auto,w_auto,h_184/https%3A%2F%2Fimg.ozexport.nl%2Fartikelfotos%2FLIVE_fotos%2F0xA61B2A531E74DA9F86F045C3D89B6290007B0C61.jpg",NL,11 cm,Red,"€ 0,50",690,7x16
Anthurium rambla,,"https://res.cloudinary.com/dcutrnbeo/image/fetch/f_auto,q_auto,w_auto,h_184/https%3A%2F%2Fimg.ozexport.nl%2Fartikelfotos%2FLIVE_fotos%2F0xA61B2A531E74DA9F86F045C3D89B6290007B0C61.jpg",,,,,,
Anthurium rambla,,"https://res.cloudinary.com/dcutrnbeo/image/fetch/f_auto,q_auto,w_auto,h_184/https%3A%2F%2Fimg.ozexport.nl%2Fartikelfotos%2FLIVE_fotos%2F0xA61B2A531E74DA9F86F045C3D89B6290007B0C61.jpg",,,,,,
Anthurium tropical,,"https://res.cloudinary.com/dcutrnbeo/image/fetch/f_auto,q_auto,w_auto,h_184/https%3A%2F%2Fimg.ozexport.nl%2Fartikelfotos%2FART_Fotos%2FVBN%2Fvbn4725.jpg",BE,35 cm,Red,"€ 0,37",690,4x20
Anthurium tropical,,"https://res.cloudinary.com/dcutrnbeo/image/fetch/f_auto,q_auto,w_auto,h_184/https%3A%2F%2Fimg.ozexport.nl%2Fartikelfotos%2FART_Fotos%2FVBN%2Fvbn4725.jpg",,,,,,
Anthurium tropical,,"https://res.cloudinary.com/dcutrnbeo/image/fetch/f_auto,q_auto,w_auto,h_184/https%3A%2F%2Fimg.ozexport.nl%2Fartikelfotos%2FART_Fotos%2FVBN%2Fvbn4725.jpg",,,,,,
Anthurium verino,,"https://res.cloudinary.com/dcutrnbeo/image/fetch/f_auto,q_auto,w_auto,h_184/https%3A%2F%2Fimg.ozexport.nl%2Fartikelfotos%2FLIVE_fotos%2F0x582448C30DD62E970F79DDB6BCD846206A2B18E5.jpg",BE,50 cm,Green,"€ 0,82",690,8x10
Anthurium verino,,"https://res.cloudinary.com/dcutrnbeo/image/fetch/f_auto,q_auto,w_auto,h_184/https%3A%2F%2Fimg.ozexport.nl%2Fartikelfotos%2FLIVE_fotos%2F0x582448C30DD62E970F79DDB6BCD846206A2B18E5.jpg",,,,,,
Anthurium verino,,"https://res.cloudinary.com/dcutrnbeo/image/fetch/f_auto,q_auto,w_auto,h_184/https%3A%2F%2Fimg.ozexport.nl%2Fartikelfotos%2FLIVE_fotos%2F0x582448C30DD62E970F79DDB6BCD846206A2B18E5.jpg",,,,,,
Anthurium zafira,,"https://res.cloudinary.com/dcutrnbeo/image/fetch/f_auto,q_auto,w_auto,h_184/https%3A%2F%2Fimg.ozexport.nl%2Fartikelfotos%2FLIVE_fotos%2F0x6554A0098FAC352850D3353209DD0ACC79D50707.jpg",NL,13 cm,Tricolour,"€ 0,67",690,8x12
Anthurium zafira,,"https://res.cloudinary.com/dcutrnbeo/image/fetch/f_auto,q_auto,w_auto,h_184/https%3A%2F%2Fimg.ozexport.nl%2Fartikelfotos%2FLIVE_fotos%2F0x6554A0098FAC352850D3353209DD0ACC79D50707.jpg",,,,,,
Anthurium zafira,,"https://res.cloudinary.com/dcutrnbeo/image/fetch/f_auto,q_auto,w_auto,h_184/https%3A%2F%2Fimg.ozexport.nl%2Fartikelfotos%2FLIVE_fotos%2F0x6554A0098FAC352850D3353209DD0ACC79D50707.jpg",,,,,,
Anthurium zafira,,"https://res.cloudinary.com/dcutrnbeo/image/fetch/f_auto,q_auto,w_auto,h_184/https%3A%2F%2Fimg.ozexport.nl%2Fartikelfotos%2FLIVE_fotos%2F0xACB3EFD1F6ABE4D3AB700D8131E8D06D602FA1DC.jpg",NL,11 cm,Tricolour,"€ 0,50",690,9x16
Anthurium zafira,,"https://res.cloudinary.com/dcutrnbeo/image/fetch/f_auto,q_auto,w_auto,h_184/https%3A%2F%2Fimg.ozexport.nl%2Fartikelfotos%2FLIVE_fotos%2F0xACB3EFD1F6ABE4D3AB700D8131E8D06D602FA1DC.jpg",,,,,,
Anthurium zafira,,"https://res.cloudinary.com/dcutrnbeo/image/fetch/f_auto,q_auto,w_auto,h_184/https%3A%2F%2Fimg.ozexport.nl%2Fartikelfotos%2FLIVE_fotos%2F0xACB3EFD1F6ABE4D3AB700D8131E8D06D602FA1DC.jpg",,,,,,
